Name,Wiki_Name,community
ABDULLAH Prince H.R.H,Abdullah Bin Musaid Al Saud,0
ABEGA Prosper,Prosper Abega,0
ABO RIDA Hany,Hany Abo Rida,0
ACHE Eduardo,Eduardo Ache,0
ACKERMANN Nair,Nair Ackermann,1
ACOSTA Francisco,Francisco Acosta,2
ADAMS Mark,Mark Adams,2
ADOUM Djibrine,Djibrine Adoum,0
AGHAZADA Sayed,Sayed Ali Reza Aghazada Sadat,0
AHMAD Ahmad,Ahmad Ahmad,0
AHMED Essam El-Din,Essam El-Din Ahmed,1
AHMED Hosny Abdelrahman,Hosny Abdelrahman Ahmed,1
AHO Lui,Lui Aho,3
AHOUANVOEBLA Sedogbo,Sedogbo Ahouanvoebla,0
AKHTER Mahfuza,Mahfuza Akhter,0
AL BUSAIDI Khalid Hamed Hamood,Sayyid Khalid Bin Hamad Al Busaidi,1
AL DELAWAR Abdulrahman,Abdulrahman Al Delawar,4
AL HARBI Ahmed Eid,Ahmed Harbi,4
AL KHALIFA Shk. Ali Bin Khalifa,Mohammed Bin Khalifa Bin Ali Al Khalifa,5
AL KHALIFA Shk. Salman Bin Ebrahim,Salman Bin Ibrahim Al Khalifa,1
AL KHELAIFI Nasser,Nasser Al-Khelaifi,5
AL MAADHEED Mohammed Ghanim Al Ali,Mohammed G A Al Maadheed,5
AL MEDLEJ Hafez,Hafez Al Madlej,6
AL NOWAISER Mohammed,Mohammed Al Nowaiser,6
AL RAJOUB Jibril,Jibril Rajoub,1
AL SABAH Sheikh Ahmad Al Fahad,Ahmed Al-Fahad Al-Ahmed Al-Sabah,7
AL SABAH Shk. Talal Fahad,Shk. Talal Fahad Al Sabah,7
AL SERKAL Yousuf,Yousuf Al-Serkal,6
AL SHAIBANI Hamid,Mohammed Ibrahim Al Shaibani,6
AL THAWADI Hassan,Hassan Al-Thawadi,1
ALAJA Pertti,Pertti Alaja,1
ALARCON Carlos,Carlos Alarcón,4
ALBERTINI Demetrio,Demetrio Albertini,4
ALEI Chabur Goc,Chabur Goc Alei,1
ALLARD Vanessa,Vanessa Allard,1
ALTASHANI Anwar,Anwar Altashani,7
ALVARADO Ariel,Ariel Alvarado,7
AMGALANBAATAR Ganbaatar,Ganbaatar Amgalanbaatar,0
ANDREASEN Christian,Christian Andreasen,0
ARAB Abdiqani Said,Abdiqani Said Arab,3
ARANETA Mariano,Mariano Araneta,3
ARCOPINTO Ferdinando,Ferdinando Arcopinto,3
ARIIOTIMA Henri,Henri Ariiotima,0
ARVELADZE Revaz,Revaz Arveladze,0
ASFA Seyed Hamed,Seyed Hamed Asfa,9
ASFURA Alfredo,Alfredo Asfura,9
ATISSON Harry,Harry Atisson,0
AULAS Jean-Michel,Jean-Michel Aulas,5
BABWAH Terence,Terence Babwah,4
BAFFOE Anthony,Anthony Baffoe,4
BAKOVIC Jasmin,Jasmin Bakovic,5
BALASINGAM Sanjeevan,Sanjeevan Balasingam,1
BARTOMEU Josep,Josep Bartomeu,5
BAUZA Sebastian,Sebastian Bauza,5
BAYOR Adjoa,Adjoa Bayor,6
BECKENBAUER Franz,Franz Beckenbauer,5
BEDOYA Luis,Luis Bedoya,9
BEEN Harry,Harry Been,0
BELIVEAU Sylvie,Sylvie Beliveau,0
BENADO Alexandra,Alexandra Benado,8
BICKERTON Andrew,Andrew Bickerton,8
BIEN AIME Sonia,Sonia Bien-Aime,8
BILARDO Carlos,Carlos Bilardo,8
BLAKE Bruce,Bruce Blake,5
BLATTER Joseph S,Joseph S Blatter,5
BOLKIAH Sufri,Sufri Bolkiah,6
BORBELY Cornel,Cornel Borbély,6
BOUCHAMAOUI Tarek,Tarek Bouchamaoui,3
BOURNGAR Djimrabaye,Djimrabaye Bourngar,3
BOUTUREIRA Serafin,Serafin Boutureira,6
BRUNELLI Marco,Marco Brunelli,6
BURGA Manuel,Manuel Burga Seoane,6
BURLEANU Razvan,Razvan Burleanu,6
BURRELL Horace,Horace Burrell,6
CABRERA Jorge,Jorge Cabrera,0
CALLEJAS Rafael,Rafael Callejas,0
CAMARA Almamy Kabele,Almamy Kabele Camara,3
CAMARA Salifou,Salifou Camara,5
CAMPBELL Peter,Peter Campbell,2
CARLOS EUGENIO,Eugenio Carlos,2
CASSELL Vincent,Vincent Cassell,3
CEBANU Pavel,Pavel Cebanu,3
CEFERIN Aleksander,Aleksander Ceferin,2
CERRILLA Fernando,Fernando Cerrilla,2
CHALUJA Pedro,Pedro Chaluja,1
CHETTY Elvis,Elvis Chetty,5
CHILAVERT Jose Luis,Jose Luis Chilavert,5
CHIO Benjamin,Benjamin Chio,7
CHOMIAK Jiri,Jiri Chomiak,7
CHUNG David,David Chung,5
CHUNG Mong Gyu,Chung Mong-Gyu,5
CISSE Victor,Djibril Cissé,9
CLAURE Marcelo,Marcelo Claure,9
COOMBS Venold,Venold Coombs,0
COOPER Lyndon,Lyndon Cooper,0
CRESCENTINI Giorgio,Giorgio Crescentini,3
CUNLIFFE F Randall,F Randall Cunliffe,3
CUSCO Joan,Joan Cusco,3
D HOOGHE Michel,Michel D'Hooghe,4
DAINI Kuniya,Kuniya Daini,4
DAMIANI Juan Pedro,Juan Pedro Damiani,2
DARMANIN DEMAJO Norman,Norman Darmanin Demajo,9
DAS Kushal,Kushal Das,9
DE KEERSMAECKER Francois,Francois De Keersmaecker,1
DE MARIA Decio,Decio De Maria,9
DE SILVA Anura,Anura De Silva,9
DEL BOSQUE Vicente,Vicente Del Bosque,5
DEL NERO Marco Polo,Marco Polo Del Nero,3
DEMIROREN Yildirim,Yildirim Demiroren,3
DESTOMBES Sue,Sue Destombes,7
DIABATE Sory,Sory Diabate,1
DIALLO Augustin,Augustin Diallo,0
DIARRA Boubacar,Boubacar Diarra,3
DIAS Pedro,Pedro Dias,3
DIENG Ousseynou,Ousseynou Cissé,3
DIJKHOFF Richard,Richard Dijkhoff,1
DIOP Abdoulaye,Abdoulaye Diop,1
DJIBRILLA Hamidou,Hamidou Djibrilla,6
DODD Moya,Moya Dodd,8
DOHI Michiko,Michiko Dohi,8
DOMANSKI LYFORS Marika,Marika Domanski-Lyfors,8
DORJI UGEN TSECHUP,Dorji Ugen Tsechup,8
DUBE Cuthbert,Cuthbert Dube,6
DUKA Armand,Armand Duka,6
DUPIELLET Damian,Damian Dupiellet,3
DVORAK Jiri,Jiri Dvorak,3
DYKE Greg,Greg Dyke,1
ECKERT Hans-Joachim,Hans-Joachim Eckert,1
EDWARDS Mike,Mike Edwards,2
EDWARDS Tony,Tony Edwards,2
EL AKRAM Abdelilah,Abdelilah Saber,6
EL AMRANI Hicham,Hicham El Amrani,0
EL HAWARY Mohamed Hazem,Mohamed E. El-Hawary,0
EL HAWARY Sahar,Sahar El Hawari,7
ELOVIRTA Katriina,Katriina Elovirta,4
ERLANDSSON Susanne,Susanna Erlandsson,4
ERZIK Senes,Senes Erzik,3
ESCRIBANO Antonio,Antonio Escribano,1
ESPELUND Karen,Karen Espelund,7
FITZGERALD Tony,Tony Fitzgerald,8
FOK Timothy Tsun Ting,Timothy Fok,6
FOUSEK Petr,Petr Fousek,7
FRANCISCA Rignaal,Rignaal Francisca,7
FRANCISCO Palmira,Palmira Francisco,7
FREDERICK Hillaren,Hillaren Frederick,3
FRUEAN Sandra,Sandra Fruean,3
GAMAL Mohamed,Mohamed Gamal,3
GANDINI Umberto,Umberto Gandini,3
GARBER Don,Don Garber,6
GARCIA Rodrigo,Rodrigo Garcia,6
GAROUB Majed Mohammed,Majed Mohammed,6
GARZA Victor,Garza,3
GAYE Fatou,Fatou Gaye,8
GAZIDIS Ivan,Ivan Gazidis,9
GEA Tomas,Tomas Gea,9
GEBREYESUS DIFUE Tesfaye,Tesfaye Gebreyesus,1
GEORGE Norman,Norman_George,2
GILL David,David Gill,2
GILLIAR Markus,Markus Gilliar,5
GILLIERON Peter,Peter Gilliéron,6
GJORGJIOSKI Ilcho,Ilčo Gjorgioski,7
GODINET Alex,Alex Godinet,7
GOMES Fernando,Fernando Gomes,0
GONSALVES Everton,Everton Gonsalves,0
GONZALEZ Laureano,Laureano Gonzalez,0
GOURLAY Ron,Ron Gourlay,3
GRONDONA Julio Ricardo,Julio Grondona,3
GUISHARD Raymond,Guishard,7
GULATI Sunil,Sunil Gulati,9
GUZMAN Gustavo,Gustavo Guzman,9
GUZMAN Osiris,Osiris Guzman,5
HACK Raymond,Raymond Hack,2
HADDADJ Hamid,Hamed Haddadi,2
HAIDAR Hachem,Hachem Haidar,2
HAIDER Nayyar,Nayyar Haider,2
HAINER Herbert,Herbert Hainer,2
HALLEN Yngve,Yngve Hallen,5
HAMMAMI Mahmoud,Mahmoud Hammami,2
HAN Un Gyong,Ri Un-Gyong,2
HANSEN Allan,Hansen,6
HARMON Lee,Lee Harmon,4
HARRIS Randy,Randy Harris,4
HAWIT BANEGAS Alfredo,Alfredo Hawit,3
HAYAT Syed,Hayat,7
HAYATOU Issa,Issa Hayatou,5
HEINRICHS April,April Heinrichs,5
HERMANN Ecki,Ecki Hermann,1
HERNANDEZ Luis,Luis Hernandez,1
HERRERA Eduardo,Eduardo Herrera,1
HILTON SMITH Fran,Smith Hilton Jules Fran,1
HMEUN Jules,Hmeun,7
HOLZSCHUH Rainer,Rainer Holzschuh,7
HONG Martin,Martin Hongla,2
HONG Una,Una Hong,2
HOWARD Ted,Ted Howard,4
HUGHES Trefor,Trefor Hughes,4
HUSSEINI Rana,Rana Husseini,8
INDRIKSONS Guntis,Guntis Indriksons,5
JADUE Sergio,Sergio Jadue,5
JAMES Anthony,Anthony James,1
JAMES Jinelle,Jinelle James,1
JAQUE Nibaldo,Nibaldo Jaque,6
JARY Wadie,Wadie Jary,5
JEAN BART Yves,Yves Jean-Bart,5
JESURUN Ramon,Jesurun,7
JIMENEZ Brayan,Bryan Jiménez,7
JOHANSEN Isha,Isha Johansen,1
JOHNSON Anthony,Anthony Johnson,8
JONES Steffi,Steffi Jones,8
JONSSON Ingrid,Ingrid Jonsson,4
JOSEPH Cheney,Cheney Joseph,4
KABA BAJO Lamin,Lamin Kaba Bajo,3
KAFASHIAN Ali,Ali Kafashian,3
KAKARAYA Dan,Dan Kakaraya,7
KALTABANG Christian,Christian Kaltabang,9
KALUSHA BWALYA,Kalusha Bwalya,9
KAMIKAWA Toru,Toru Kamikawa,4
KARADZIC Tomislav,Tomislav Karadzic,4
KAREMBEU Christian,Christian Karembeu,0
KARIKO Jack,Jack Kariko,5
KASSABOV Michail,Michail Kassabov,6
KATUMBI Moise,Moise Katumbi,6
KAZI Mohammed Salahuddin,Kazi Salahuddin,5
KEWELL Harry,Kewell,5
KHAMITZHANOV Sayan,Sayan Khamitzhanov,5
KHIEV Sameth,Sameth Khiev,1
KHOZA Irvin,Irvin Khoza,1
KILMAN Larry,Larry Kilman,6
KIM Dong Dae,Dong Kim Junyoung Dae,0
KIM Junyoung,Kim Ju-young,9
KOLOSKOV Viacheslav,Viacheslav Koloskov,9
KONKOV Anatoliy,Anatoliy Konkov,5
KORTMAN Yolanda,Yolanda Kortman,5
KOUTSOKOUMNIS Costakis,Costakis Koutsokoumnis,8
KOVACIK Jan,Jan Kovacik,8
KRISHNADATH John,John Krishnadath,1
KVEDARAS Julius,Julius Kvedaras,1
LABRADOR Eric,Eric Labrador,1
LAI Richard K,Richard Lai Jacques K,6
LAMBERT Jacques,Lambert,6
LARRIONDA Jorge,Jorge Larrionda,4
LATAL MACKOVICOVA Natalia,Mackovicova Latal Francisco Natalia,4
LAY Francisco,Lay,8
LE GRAET Noel,Noël Le Graët,3
LEE Winston,Lee,3
LEFKARITIS Marios,Marios Lefkaritis,3
LEKJAA Fouzi,Fouzi Lekjaa,1
LELEU Jacqueline,Jacqueline Leleu,4
LIM Kia Tong,Kia Lim Cheng Tong,4
LIN Cheng Yi,Kia Lim Cheng Tong,3
LIN Xiaohua,Lin Xiaohua Yi,3
LISTKIEWICZ Michal,Michal Listkiewicz,4
LIU Chi,Chi Liu,4
LOOTAH AbduL Rahman,Abdul Lootah Nascimento Rahman,6
LOPES NASCIMENTO Manuel,Lopes Pedro Manuel,1
LOPEZ Pedro,Lopez,9
Lord VEEHALA,Veehala Lord,9
LUDWIG Alfred,Alfred Ludwig,2
LUMPER Horst,Horst Lumper,3
LUPARI Isaac,Isaac Lupari,6
LUZON Avi,Avi Luzon,6
MABASO KOYANA Sindi,Koyana Mabaso Raul Sindi,6
MADERO Raul,Madero,6
MAGOGO Moses,Moses Magogo,1
MALINZI Jamal,Jamal Malinzi,1
MALMSTEN Krister,Krister Malmsten,2
MALTOCK Lambert,Lambert Maltock,4
MAMMADOV Elkhan,Elkhan Mammadov,4
MANAROTO Albert,Albert Manaroto,1
MANDELBAUM Bert,Bert Mandelbaum,1
MARAHARE Donald,Donald Marahare,1
MARTA,Seamus Marta,5
MARTEN Seamus,Marten,5
MARTORELLI Rinaldo,Rinaldo Martorelli,9
MATURANA Francisco,Francisco Maturana,9
MBIDI Frans,Frans Mbidi,5
MBOMIO Andres-Jorge,Jorge Andres,7
MBONO Jean Michel,Mbono Shelley Michel,7
McMEEKEN Shelley,Mcmeeken,1
McRAE Alan,Alan Mcrae,1
MELO FILHO Alvaro,Filho Melo Gianni Alvaro,7
MERLO Gianni,Merlo,7
MIHAYLOV Borislav,Borislav Mihaylov,6
MIKKELSEN Peter,Peter Mikkelsen,4
MIRZOEV Khurshed,Khurshed Mirzoev,4
MITJANS Fernando,Fernando Mitjans,1
MOCTAR Mahamoud,Mahmoud Mokhtar El Tetsh,6
MOHD SALLEH Subkhiddin,Subkhiddin Mohd Salleh,4
MONTAGLIANI Victor,Victor Montagliani,4
MONTEIRO Domingos,Domingos Monteiro,1
MORAN Bill,Bill Moran,6
MORTAGY Khaled,Khaled Mortagy,6
MOUNGUENGUI Pierre Alain,Pierre Alain Mounguengui,4
MTHETHWA Adam,Mthethwa,4
MURAI Mitsuru,Mitsuru Murai,6
MURAKAMI Tetsuya,Tetsuya Murakami,5
MUSSENDEN Larry,Larry Mussenden,5
MUTKO Vitaly,Vitaly Mutko,6
NAPOUT Juan Angel,Juan Ángel Napout,4
NASSAR Samar,Nassar,4
NDIKURIYO Reverien,Révérien Ndikuriyo,1
NEMATANDANI Kirsten,Kirsten Nematandani,1
NETO Pedro,Pedro Neto,1
NGAISSONA Edouard,Patrice-Edouard Ngaïssona,5
NGIRA Loyley,Loyley Ngira,3
NGWENYA Qondisa,Qondisa Ngwenya,3
NICHOLAS Tai,Tai Nicholas,3
NIERSBACH Wolfgang,Wolfgang Niersbach,1
NILSSON Karl-Erik,Karl-Erik Nilsson,6
NSEKERA Lydia,Lydia Nsekera,6
NTAGUNGIRA Celestin,Celestin Ntagungira,4
NUMANGA Jake,Jake Numanga,4
NYAMILANDU Walter,Walter Nyamilandu,1
NYAMWEYA Sam,Sam Nyamweya,1
NYANTAKYI Kwesi,Kwesi Nyantakyi,1
NZAMWITA Vincent,Vincent Nzamwita,6
OGURA Junji,Junji Ogura,6
OMAGBEMI Florence,Florence Omagbemi,6
OMARI Constant,Constant Omari,1
ORAZOV Derya,Derya Orazov,1
OSORIO Victor,Victor Osorio,1
OSUNA Romer,Romer Osuna,1
OUEGNIN Roger,Roger Ouegnin,6
PALACIO Jorge Ivan,Jorge Palacio Carlos Ivan,6
PALAVICINI Carlos,Palavicini,1
PASTORINI Daniel,Dan Pastorini,9
PATEL Imtiaz,Imtiaz Patel,9
PATEL Praful,Praful Patel,6
PATEL Rajesh,Rajesh Patel,6
PATEL Suketu,Suketu Patel,6
PELE,Pelé,5
PELTA Miroslav,Pelta,3
PENA GUTIERREZ Edgar,Gutierrez Pena Florentino Edgar,3
PEREZ Florentino,Perez,5
PETERSON Lars,Lars Peterson,5
PHAFANE Salemane,Salemane Phafane,0
PHILIPP Paul,Paul Philipp,0
PIAT Philippe,Philippe Piat,5
PINNICK Amaju,Amaju Pinnick,0
PINTO Marcelo,Marcelo Pinto,0
PLATINI Michel,Michel Platini,5
POHLAK Aivar,Aivar Pohlak,5
PROTASOV Alexander,Alexander Protasov,1
PUENTEVELLA Monico,Monico Puentevella,3
QUADERER Hugo,Hugo Quaderer,3
QUINTANA Javier,Javier Quintana,3
RAM Samuel,Samuel Ram,3
REID Horace,Horace Reid,3
REILLY Jack,Jack Reilly,3
REVILLA Fernando,Fernando Revilla,9
REYES Jose,Jose Reyes,9
RILEY Mike,Mike Riley,4
RODRIGUEZ Alejandro,Alejandro Rodriguez,4
RODRIGUEZ Jaime,Jaime Rodriguez,5
ROJAS Juan,Juan Rojas,5
ROKK Lazarus,Lazarus Rokk,6
ROMO Jorge,Jorge Romo,4
ROTHENBERG Alan,Alan Rothenberg,4
RUIZ Oscar,Oscar Ruiz,4
RUMMENIGGE Karl-Heinz,Karl-Heinz Rummenigge,4
SABIR David,Sabir,5
SALIM Tourqui,Tourqui Salim,1
SALMON Pare,Pare Salmon,9
SANDROCK Helmut,Helmut Sandrock,9
SANGARE Sita,Sita Sangare,3
SARHAN Toufik,Toufik Sarhan,0
SARRIS Georgios,Georgios Sarris,0
SASAKI Norio,Norio Sasaki,5
SAVICEVIC Dejan,Dejan Savicevic,5
SBARDELLA Marina,Marina Sbardella,5
SCALA Domenico,Domenico Scala,6
SCHELLING Hans,Hans Schelling,7
SCHWAB Brendan,Brendan Schwab,9
SCUDAMORE Richard,Richard Scudamore,9
SEALEY Anton,Anton Sealey,8
SEBEGO Tebogo,Tebogo Sebego,3
SEKAJUGO James,James Sekajugo,4
SENE Badara,Badara Sene,4
SENGHOR Augustin,Augustin Senghor,4
SETRIGHT Jo,Jo Setright,2
SEXWALE Tokyo,Tokyo Sexwale,2
SHALABI-MOLANO Susan,Susan Shalabi-Molano,8
SHAMS ELDIN Magdi,Eldin Shams Jim Magdi,4
SHAW Jim,Shaw,4
SIDAT Fezal,Fezal Sidat,3
SIEBER Walter,Walter Sieber,3
SIEM Kjetil,Kjetil Siem,1
SIMMONS Kelly,Kelly Simmons,8
SINGH Gurcharan,Gurcharan Singh,8
SINGH Yogeshwar,Yogeshwar Raj Singh,1
SIRELKHATIM Mutasim Gafaar,Mutasim Sirelkhatim Oliver Gafaar,5
SMITH Oliver,Smith,5
SNOUSSI Maher,Maher Snoussi,1
SOBHA Mohamad Ally Samir,Mohamad Sabu,3
SOLOMONA Laupama,Laupama Solomona,3
SOROKIN Alexey,Alexey Sorokin,8
STEFANOVIC Dejan,Dejan Stefanovic,9
SUKER Davor,Davor Suker,9
SULLIVAN Alan,Alan Sullivan,6
SULSER Claudio,Claudio Sulser,2
SULTANOV Semetei,Semetei Sultanov,2
SUN Wen,Wen Sun,1
SUNDHAGE Pia,Pia Sundhage,5
SUNIA Fiti,Fofō Iosefa Fiti Sunia,2
SURKIS Grygoriy,Hryhoriy Surkis,2
TASHIMA Kohzo,Kohzo Tashima,5
TAVECCHIO Carlo,Carlo Tavecchio,6
THIRIEZ Frederic,Frederic Thiriez,9
THOMPSON Geoff,Geoff Thompson,9
THOMSEN Claus,Claus Thomsen,9
THORSTEINSSON Geir,Geir Thorsteinsson,0
TILMO Juneidi,Juneidi Tilmo,0
TIM KEE Raymond,Kee Tim Rafael Raymond,7
TINOCO Rafael,Tinoco,7
TORRES Robert,Robert Torres,7
TRAN Quoc Tuan,Quoc Tran,7
TRENTALANGE Alfredo,Alfredo Trentalange,4
TSICHLAS Anastasia,Anastasia Tsichlas,4
ULLRICH Heike,Heike Ullrich,1
USMANOV Mirabror,Mirabror Usmanov,6
Vacant 1,1 Vacant,6
Vacant 2,2 Vacant,1
Vacant 3,3 Vacant,1
Vacant 4,4 Vacant,5
Vacant 5,5 Vacant,6
Vacant 6,6 Vacant,6
VAN DER SAR Edwin,Edwin Van Der Sar,9
VAN GAALEN Johan,Gaalen Van Praag Johan,9
VAN PRAAG Michael,Van Seggelen Michael,9
VAN SEGGELEN Theo,Van Cristian Theo,9
VARELA Cristian,Varela,9
VERGARA Hector,Hector Vergara,4
VICENTE Ruperto,Ruperto Vicente,4
VILLAR LLONA Angel Maria,Ángel María Villar,4
WABERI Souleiman Hassan,Souleiman Waberi,4
WANG Becky,Wang,3
WEAH George,George Weah,8
WEIGL Guenter,Guenter Weigl,3
WHITE Philip,Philip White,3
WHITMORE Theodore,Theodore Whitmore,3
WILKINSON Rhian,Rhian Wilkinson,5
WILLIAMSON Stephen,Stephen Williamson,5
WINDTNER Leo,Leo Windtner,5
WONUHALI Linda,Linda Wonuhali,8
WOODSON Rochell,Rochell Woodson,8
YAHYA Ahmed,Ahmed Yahya,8
ZAMBRANO Jose,Josmar Zambrano,5
ZAW Zaw,Zaw Zaw,3
ZERGUINI Yacine,Yacine Zerguini,3
ZHANG Jian,Zhang_Jian_(football),1
